date,symbol,action,conviction,catalyst_type,reject_reason,open_to_close_pct,realized_pnl_pct
2026-07-02,CLRO,REJECTED,,,Already gapped 100%+ the prior day on an M&A deal involving share issuance and a dilutive S-1 filing for $10-15M raise — the catalyst is fully priced (and then some) and the upcoming dilution is a structural headwind against continuation; micro-cap at $8.6M market cap with halts screams pump risk.,82.73,
2026-07-02,MIDDV,REJECTED,,,"This is a 'when issued' ex-distribution ticker (MIDDV) with no standalone news catalyst — the price movement reflects a corporate distribution/spinoff mechanics, not a tradeable gap continuation setup.",,
2026-07-02,SLBT,REJECTED,,,"No identifiable catalyst in the news — the summary doesn't even mention SLBT, making this a gap with no verifiable fundamental driver; likely a sympathy or low-float move.",36.59,
2026-07-15,PENG,SWING_CLOSED,,,,,-0.92
2026-07-15,AEHR,OPEN_SWING,7,earnings,,-10.48,
2026-07-20,IREN,OPEN_SWING,7,contract,,10.77,
2026-07-20,ACHR,REJECTED,,,"Catalyst is a product unveiling/partnership announcement (Thunder VTOL with Anduril) — no contract value disclosed, no revenue specifics, vague defense optionality; relative volume of 1.67 is below conviction threshold and this reads as hype-driven momentum, not a hard catalyst for swing.",13.98,
2026-07-20,CIFR,REJECTED,,,"No hard catalyst — article explicitly attributes the move to 'dip-buying, capital rotation, and short interest dynamics ahead of Q2 earnings,' which is sympathy/sector play with relative volume of only 1.13; no verifiable fundamental driver.",9.14,
2026-07-21,AEHR,REJECTED,,,"No identifiable hard catalyst for AEHR specifically — the news is a generic market movers roundup with no earnings, FDA, contract, or M&A event attributed to AEHR; low relative volume (0.71) confirms the gap is not institutionally driven and likely a sympathy/list mention with no follow-through edge.",18.77,
